"Date","Open","High","Low","Close","Volume","Market Cap"
2017-10-03,0.918190373715771,0.826543273469547,0.918367910723979,0.906014839955015,-0.144196720940735,0.968964419664277
2017-10-02,0.957822538286502,0.879453154528372,1.01354079405157,0.910419867611567,-0.162627212465141,1.00891622413898
2017-10-01,0.993051129016041,0.898946268602676,1.05254607410386,0.954470144177095,-0.0869431356705306,1.04427138964331
2017-09-30,0.924061805504027,0.918439382676981,1.03382353967876,0.989710365429518,0.280131556683489,0.972626149013558
2017-09-29,0.962226112127694,0.932363035587198,0.960493613180454,0.922166608029041,0.693619638941278,1.01095744347837
2017-09-28,0.941676100868797,0.992234743101132,0.996378470828562,0.953001801624911,1.20672287398327,0.989392194885158
2017-09-27,0.736175988279821,0.87806078923735,0.829435872204755,0.941255061207437,0.653454771647317,0.780190585338597
2017-09-26,0.683333102185512,0.752747913045396,0.752985523302265,0.734218761349456,0.307504914921368,0.724906263077969
2017-09-25,0.615811636620563,0.616296114525267,0.706179187239515,0.678421744366453,-0.184470539854189,0.656255849601115
2017-09-24,0.645168795561845,0.578702251667681,0.696817920026965,0.616751357174714,-0.30929179703988,0.685094695046428
2017-09-23,0.586454477679281,0.587056443413811,0.660933062378857,0.641713180561847,-0.247974610826445,0.625863496002086
2017-09-22,0.570308040261575,0.55363967642929,0.631289049539116,0.590321191235398,-0.207451479198116,0.608603506214008
2017-09-21,0.733240272385692,0.652497612091832,0.645330950357941,0.562422682743897,-0.133919933048072,0.773241090488473
2017-09-20,0.767001005168167,0.697053301404527,0.826315449800572,0.73568710390164,-0.114073070470264,0.806679691269563
2017-09-19,0.824247465103668,0.748570817172331,0.818514393790114,0.769458982601878,0.166343859450179,0.86546992460929
2017-09-18,0.557097318737998,0.73186243368007,0.643770739155849,0.81497760171959,0.637681325473955,0.593546786766307
2017-09-17,0.543886597214421,0.509083987116595,0.557959123040809,0.555080969982975,0.0248500598437833,0.579217738640356
2017-09-16,0.590858051520473,0.645535785636723,0.582922502274275,0.541865887013317,0.922702688250605,0.62678282379616
2017-09-15,0.422054387608099,0.646928150927745,0.278681317866403,0.587384506131029,3.74881935873296,0.455077322786233
2017-09-14,1.1501119293519,1.07020719939835,0.486189407744593,0.424398482838576,1.64250972103051,1.19167547323563
2017-09-13,1.20882624723447,1.0994468705098,1.21480803912139,1.15563307382634,0.493384230144404,1.25112014331012
2017-09-12,1.24111912206988,1.26653070543241,1.30998092244898,1.20408837804842,1.12236880029698,1.28261101571394
2017-09-11,1.08699403762814,1.15235675156863,1.19296508229211,1.22905020143555,0.879436135212535,1.12665250908862
2017-09-10,1.26607270716997,1.15653384744169,1.02134185006203,1.08955765897805,1.54629857019585,1.30680959307323
2017-09-09,1.31010844558189,1.27070780130548,1.35522704730964,1.27016379289671,0.772781333644553,1.35112430911303
2017-09-08,1.70936580718333,1.60626783644171,1.37550979293683,1.31568241201442,2.12890508610503,1.75350941003143
2017-09-07,1.8781694710957,1.73436544321571,1.83421188635178,1.69891981813452,1.31733330642111,1.92355388828121
2017-09-06,1.52294784790619,1.73575780850673,1.67038971013215,1.87658926694881,1.71786301678215,1.56316181117691
2017-09-05,1.40992278598225,1.43361454035502,1.31310134485317,1.51831368421585,1.62150463402927,1.44922749201971
2017-09-04,1.80918014758369,1.69259448448506,1.48004394347697,1.40965633535422,1.87027749853695,1.85148793832196
2017-09-03,2.0499088509022,1.93765077570488,1.90130096804172,1.81051385210052,1.65876412480343,2.09362953018503
2017-09-02,2.32293042905613,2.38460003412285,1.91846329126473,2.03223357748035,5.84801278705416,2.36864877705654
2017-09-01,1.49505854691197,2.21333910332718,1.62826400767568,2.30534529218662,7.54268161229959,1.53184233887029
2017-08-31,1.38937277472335,1.38070465929619,1.52529006833763,1.48894683317217,0.329739879212915,1.42345515013159
2017-08-30,1.40698707008812,1.3236176823643,1.49720626669998,1.3832261694149,0.131001328251409,1.44026794148424
2017-08-29,1.40551921214106,1.31387112532715,1.53465133555018,1.4023146225933,0.153970489041878,1.43769694002624
2017-08-28,1.44955495055298,1.37931229400517,1.52372985713554,1.4023146225933,0.425184442526637,1.48212072885517
2017-08-27,1.32919059889372,1.36678100638597,1.46288162025396,1.43608650129353,0.959451775041561,1.36069155090221
2017-08-26,1.33065845684079,1.22058265082869,1.43947845222259,1.32889749498408,-0.114903458489098,1.36133040580996
2017-08-25,1.30864058763483,1.23450630373891,1.43635802981841,1.3274291524319,-0.0331809099546913,1.33745904681805
2017-08-24,1.3424013204173,1.31387112532715,1.4379182410205,1.30687235670132,0.513397955562876,1.37100672038827
2017-08-23,1.21176196312859,1.45867711559341,1.31778197845944,1.32889749498408,2.67300554766568,1.23971424593279
2017-08-22,1.22644054259924,1.17184986564293,1.22728972873813,1.1967466652875,0.433541326205542,1.25347299918987
2017-08-21,1.12662620219888,1.18159642268009,1.24445205196113,1.22170848867463,0.599037854668402,1.15258066924693
2017-08-20,1.09580118531053,1.05210645061507,1.20388656070675,1.12332953767829,-0.125991003478164,1.12049768741642
2017-08-19,1.12222262835768,1.04653698945098,1.18204360387747,1.09543102918678,-0.047262170614495,1.14584931997506
2017-08-18,1.12662620219888,1.09526977463674,1.22572951753603,1.11158279726081,0.168424737227872,1.14969803124856
2017-08-17,1.17653337239906,1.08413085230857,1.24289184075904,1.12920290788702,-0.026354256679288,1.1997780232851
2017-08-16,1.09726904325759,1.12868654162126,1.19140487109002,1.16737981424381,0.240249374672535,1.11834739528791
2017-08-15,1.15304764524603,1.04932172003302,1.19296508229211,1.0939626866346,-0.0346885647973972,1.17508082746123
2017-08-14,1.18534052008144,1.111978158129,1.27409606480088,1.15122804616979,-0.141396369855943,1.20566795389799
2017-08-13,1.25726555948758,1.14817965569556,1.28033690960924,1.18353158231784,0.0503103846907546,1.27760924924109
2017-08-12,1.31597987737015,1.21501318966461,1.38487106014938,1.25841705247924,-0.0286019972976451,1.33538666382463
2017-08-11,1.31304416147602,1.24146813019402,1.42855697380795,1.31127738435787,-0.0653766042877613,1.33223913476695
2017-08-10,1.34827275220556,1.25678414839526,1.45196014183932,1.31421406946224,-0.10202655492044,1.36620751766666
2017-08-09,1.41726207571757,1.35007262289371,1.4566407754456,1.34211257795374,0.419492456567749,1.43493895664401
2017-08-08,1.33359417273492,1.30830166416306,1.45820098664769,1.41552970556295,0.346517447068625,1.35025172680001
2017-08-07,1.33799774657611,1.24286049548504,1.44883971943514,1.33183418008845,0.0641138677981587,1.35388229249525
2017-08-06,1.43047279724115,1.36260391051291,1.47692352107279,1.33770755029719,0.283330415493631,1.44640718132942
2017-08-05,1.29396200816418,1.30551693358102,1.4191957065954,1.42287141832388,0.444639668201945,1.30802497558065
2017-08-04,1.34386917836437,1.23868339961198,1.41295486178703,1.29218893117948,-0.0184626258619994,1.35771542194174
2017-08-03,1.25432984359345,1.24286049548504,1.35678725851173,1.34064423540156,0.213161646356028,1.26779269821961
2017-08-02,1.23084411644043,1.19134297971724,1.33026366807617,1.2525436822705,0.276169054990778,1.2434850480712
2017-08-01,1.14570835551071,1.13425600278535,1.24289184075904,1.22317683122682,0.326653898206751,1.1573487083145
2017-07-31,1.11047976478117,1.05628354648813,1.19608550469629,1.13948130575231,-0.0817684245177015,1.12115212415119
2017-07-30,1.1912119518697,1.09387740934572,1.22884993994022,1.11158279726081,-0.149131934839905,1.20197506089467
2017-07-29,1.16625836676961,1.10223160109185,1.18516402628165,1.19821500783968,0.122725912900593,1.17557944592581
2017-07-28,1.23818340617575,1.14121782924046,1.27253585359878,1.16297478658726,-0.0394441557563229,1.24720910472855
2017-07-27,1.26166913332877,1.15235675156863,1.35990768091592,1.23639191419647,-0.238205282278625,1.26893017159194
2017-07-26,1.26900842306409,1.18716588384417,1.30061965523643,1.2525436822705,-0.0680424835539001,1.27644061221472
2017-07-25,1.4201977916117,1.30551693358102,1.34274535769291,1.27456882055326,0.212549161576179,1.4259482424545
2017-07-24,1.41285850187638,1.31804822120021,1.50968795631671,1.41552970556295,-0.143511601747891,1.41817291077241
2017-07-23,1.51267284227674,1.40159013866152,1.48004394347697,1.40084628004111,0.232198733383555,1.51638516646822
2017-07-22,1.45249066644711,1.39602067749743,1.5876985164213,1.50803528635056,0.167965373642985,1.45628605965897
2017-07-21,1.45395852439417,1.43500690564604,1.53933196915646,1.45370661191975,1.22866042979999,1.45592767763755
2017-07-20,1.28221914458767,1.3236176823643,1.41451507298912,1.44195987150227,1.23939854436978,1.28460548957227
2017-07-19,1.49946212075316,1.37791992871415,1.35522704730964,1.26135373758361,0.986140014086595,1.49932306588328
2017-07-18,1.36441918962326,1.46285421146647,1.38955169375566,1.49188351827654,2.25158853583798,1.36391698909498
2017-07-17,1.20148695749915,1.2721001665965,1.23509078474858,1.35973268857995,2.43218320674257,1.20250484301329
2017-07-16,1.24699055385813,1.22615211199278,0.993258048424378,1.16591147169163,1.92618636562063,1.24666374078291
2017-07-15,1.67120150055966,1.53804193718165,1.3255830344699,1.2525436822705,1.86658688511991,1.66808983431757
2017-07-14,1.79009799427186,1.67727846628382,1.71095520138654,1.66074291177773,1.59537587627352,1.78540540993771
2017-07-13,2.03082669759037,1.97245990798042,1.79052597269321,1.77967865850465,3.69240008766608,2.02242058071179
2017-07-12,1.24405483796401,1.93068894924977,1.30217986643852,2.01167678174977,6.60072124582853,1.24149057421287
2017-07-11,1.3218513091584,1.31944058649124,1.13679747901681,1.24520196950958,1.38777887156499,1.31738965361859
2017-07-10,1.47157281975894,1.52272591898041,1.33338409048036,1.35679600347558,0.914369361678617,1.46476257355688
2017-07-09,1.57872644989462,1.51715645781632,1.61890274046313,1.47132672254596,0.0334356437690101,1.5706878336267
2017-07-08,1.54496571711215,1.45310765442932,1.48160415467906,1.57851572885541,0.598812099060444,1.53659479611085
2017-07-07,1.72404438665397,1.61740675876988,1.68443161095098,1.54327550760299,0.0982922852967665,1.71238896853036
2017-07-06,1.69615508565975,1.61879912406091,1.81236892952249,1.71360324365636,0.0943494145264868,1.68460657095688
2017-07-05,1.73725510817755,1.60069837527762,1.79520660629949,1.69304644792578,0.045945449088207,1.72387277504278
2017-07-04,1.7064300912892,1.6758861009928,1.86541611039361,1.73416003938694,0.320236549664036,1.6925844663902
2017-07-03,1.71670509691865,1.63829223813521,1.81704956312877,1.70479318834325,0.268325519933446,1.70277498126012
2017-07-02,1.69175151181856,1.61044493231478,1.72967773581164,1.71360324365636,0.350397498887126,1.67619238436704
2017-07-01,1.84000516447204,1.70373340681323,1.81392914072459,1.69891981813452,0.113587718508932,1.8223499217979
2017-06-30,1.81798729526607,1.84575466649745,1.98399216175258,1.86190584142697,0.663947499686722,1.79914858136778
2017-06-29,1.96770880586661,1.82486918713212,1.9418664592961,1.82372893507018,0.489016349903491,1.94697337428959
2017-06-28,1.90018734030167,1.84993176237051,1.90130096804172,1.96909484773642,1.256850434411,1.87853799002559
2017-06-27,1.976515953549,1.90562637401138,1.66570907652588,1.89420937757502,2.47096409400514,1.95359565077233
2017-06-26,2.24806967375586,2.21612383390922,1.84357315356433,1.95881644987113,2.13000441776117,2.22006047461083
2017-06-25,2.04403741911395,2.40966260936124,2.11661011393037,2.22899147947304,3.81547615584765,2.01759021433614
2017-06-24,2.22311608865577,2.06435601718786,2.22114426447051,2.04838534555437,0.113796787832822,2.19341555040969
2017-06-23,2.14091604362018,2.08941859242625,2.297594613373,2.21724473905556,0.242541284866362,2.1113928129858
2017-06-22,2.13504461183192,2.01840796258414,2.24610764370397,2.13648589868543,0.362764980018697,2.10505100938939
2017-06-21,2.27155540090889,2.13815137761201,2.17745835081194,2.12327081571577,1.11230795255106,2.2385093578004
2017-06-20,2.46678050786841,2.29548865549746,2.42397172074242,2.26716838582983,1.06381957414632,2.42949581156267
2017-06-19,2.32439828700319,2.38181530354081,2.50978333685746,2.45364788995723,2.13192824815942,2.28810631319938
2017-06-18,2.46824836581548,2.51548237147889,2.47233826800726,2.32443374536501,4.28521468323942,2.42838950184437
2017-06-17,1.78569442043066,2.42915572343555,1.9418664592961,2.50063485162713,3.5571822939609,1.75569086581398
2017-06-16,1.77835513069534,1.67170900511973,1.82641083034132,1.78555202871339,0.362446959075314,1.7472455155701
2017-06-15,1.85615160188974,1.72322652088754,1.59393936122966,1.77967865850465,1.22922972655049,1.82305110401372
2017-06-14,2.13504461183192,2.01980032787516,1.90910202405218,1.8501591010095,0.722496725837377,2.0963407680862
2017-06-13,2.06165171447872,2.01423086671107,2.17121750600357,2.12914418592451,0.989231884369488,2.02296594465743
2017-06-12,2.25394110554412,2.28156500258725,1.89349991203126,2.06894214128495,2.57687292052075,2.21072696022692
2017-06-11,1.95009451050185,2.17156814459653,1.91534286886054,2.2510166177558,3.55435544113082,1.91225706369301
2017-06-10,1.6491836313537,1.82486918713212,1.80144745110785,1.97056319028861,1.40014635269656,1.61501813149353
2017-06-09,1.66239435287728,1.54639612892778,1.78584533908694,1.64605948625588,0.0472577762527238,1.62676682906526
2017-06-08,1.66092649493021,1.56310451242004,1.76088195985347,1.65927456922554,-0.00546695521263366,1.62561377386591
2017-06-07,1.65652292108902,1.64664642988134,1.73591858062,1.65486954156899,0.788584226201561,1.61973942508005
2017-06-06,1.63450505188306,1.57006633887515,1.7000337229719,1.65193285646462,0.40568602882198,1.59742624878996
2017-06-05,1.64624791545957,1.51437172723428,1.71875625739699,1.6255026905253,0.121608913414265,1.60615207192016
2017-06-04,1.48918711512371,1.53108011072654,1.59237915002757,1.65046451391244,0.516499641306984,1.45276456675285
2017-06-03,1.64037648367132,1.52829538014449,1.60018020603803,1.47132672254596,0.405638914608146,1.60102565083117
2017-06-02,1.55964429658279,1.52551064956245,1.70939499018445,1.63578108839059,0.211897414951468,1.52037411418489
2017-06-01,1.67413721645379,1.58538235707638,1.67663055494052,1.55502224802046,0.751501413729277,1.63239186861884
2017-05-31,1.83853730652497,1.69677158035812,1.68443161095098,1.67983136495612,1.14082186738218,1.79237048661486
2017-05-30,1.60221217704765,1.71347996385038,1.71563583499281,1.80610882444397,0.971711286099761,1.56038824596766
2017-05-29,1.47010496181188,1.51297936194326,1.45976119784978,1.59466749692943,0.463721906351063,1.43024882671153
2017-05-28,1.51854427406499,1.50462517019712,1.28189712081133,1.45223826936756,1.0406158238328,1.47609056179912
2017-05-27,1.13690120782832,1.35146498818474,0.732702777675073,1.47132672254596,1.63930006521303,1.09982060296325
2017-05-26,1.51267284227674,1.59234418353149,1.13679747901681,1.1776582121091,2.63964279499408,1.4695773581055
2017-05-25,1.90899448798405,2.19941545041696,1.54089218035855,1.48454180551562,5.1332214549554,1.85608457729234
2017-05-24,0.852136766097886,2.05321709485968,0.938650656351171,1.85456412866605,2.61989408702843,0.823492482622218
2017-05-23,0.551225886949742,0.749963182463352,0.617247148720291,0.837002740002354,0.623821894237623,0.528999068343349
2017-05-22,0.408843666084522,0.619080845107311,0.476828140532043,0.537460859356764,1.14684856056852,0.389399921904455
2017-05-21,0.172518536607199,0.396302398543835,0.231874981803654,0.464043731747551,0.11426302224056,0.159323338701591
2017-05-20,0.260590013431047,0.230610928912251,0.23811582661202,0.171843563862882,-0.139155500060437,0.244178852277389
2017-05-19,0.0741720541539036,0.232003294203272,0.11485914164678,0.25700743188957,0.369062579934583,0.0619057561837077
2017-05-18,-0.0432565816112257,0.0287179617141011,0.000963723894089753,0.0719962703143522,-0.109214417168575,-0.0513663353252097
2017-05-17,0.00371487269482605,-0.0381155722549414,-0.0224394441372849,-0.0454711338603891,-0.23262911876208,-0.00704694473729941
2017-05-16,0.0257327419007877,-0.00609117056144193,0.0228066807233729,0.00298417036169167,-0.300616892417592,0.0139994290162042
2017-05-15,0.0903184915716089,0.0384645187512532,0.0742936503923973,0.0250093086444557,-0.327656524974142,0.0763843898490335
2017-05-14,-0.00656013293462281,0.0732736510267962,0.044649637552656,0.0866796958361948,-0.228781457965591,-0.0169398467111644
2017-05-13,0.0169255942184031,-0.025584284635746,0.0196862583191896,-0.0146359402645195,-0.395832755484992,0.00460670368962394
2017-05-12,0.0389434634243649,0.0161866740949056,0.071173227988214,0.0147309107791658,-0.339864995634022,0.0254863518940327
2017-05-11,0.0594934746832625,0.0398568840422749,0.066492594381939,0.0352877065097456,-0.312903886767196,0.0459452907689496
2017-05-10,0.0316041736890442,0.0356797881692097,0.0633721719777558,0.0529078171359566,-0.1827587234182,0.0176346692595539
2017-05-09,0.065364906471519,0.0147943088038839,-0.0380415561582015,0.0294143363010085,0.053724202101517,0.0513677665712886
2017-05-08,0.131418514089404,0.0774507468998614,0.107058085636322,0.0617178724490623,-0.139436222251201,0.115105229989299
2017-05-07,0.157839957136558,0.138714819704817,0.163225688911621,0.129261629849538,-0.16474931517994,0.139746331235905
2017-05-06,0.196004263760225,0.142891915577882,0.17102674492208,0.151286768132302,-0.210429490130909,0.175961613591641
2017-05-05,0.215086417072059,0.215294910711012,0.222513714591104,0.189463674489093,0.0725983524728655,0.194465033175772
2017-05-04,0.066832764418583,0.149853742032991,0.122660197657238,0.204147100010936,0.0871360320791916,0.050962639068815
2017-05-03,0.0477506111067495,0.0412492493332965,0.0867753400091305,0.0631862150012465,-0.169137807889405,0.0323719612533821
2017-05-02,0.106464928989314,0.0732736510267962,0.0524506935631142,0.0499711320315882,0.0297322702523895,0.0880302473624477
2017-05-01,0.040411321371429,0.151246107324012,0.0555711159672975,0.0954897511493003,0.643874881500957,0.0240356837986368
2017-04-30,-0.113713763070303,0.00783248234877535,-0.0864081034230425,0.0411610767184825,0.293455063737454,-0.124876720649045
2017-04-29,-0.195913808105894,-0.156466621991788,-0.164418663527625,-0.120356604021787,-0.163543976542672,-0.2059318266151
2017-04-28,-0.185638802476445,-0.203807041886526,-0.198743309973641,-0.205520472048474,-0.234397864873119,-0.195655611696587
2017-04-27,-0.237013830623689,-0.201022311304483,-0.201863732377825,-0.189368703974447,0.0441187917559963,-0.246112683946972
2017-04-26,-0.329488881288729,-0.266463479982504,-0.306397882917965,-0.242229035853081,-0.0589818313058415,-0.334700045093632
2017-04-25,-0.317746017712216,-0.337474109824611,-0.32043978373679,-0.334734616640689,-0.272822450893567,-0.323449965986481
2017-04-24,-0.388203199171293,-0.340258840406655,-0.361005274991173,-0.321519533671031,-0.0989297769069396,-0.391963259385574
2017-04-23,-0.438110369371473,-0.419623661994893,-0.420293300670655,-0.396405003832428,-0.35103597204342,-0.440516232374334
2017-04-22,-0.445449659106794,-0.458609890143501,-0.423413723074839,-0.44192362295014,-0.462779697633208,-0.447694780081626
2017-04-21,-0.430771079636153,-0.444686237233284,-0.428094356681114,-0.449265335711062,-0.401660194808654,-0.433929794093734
2017-04-20,-0.449853232947986,-0.429370219032045,-0.43433520148948,-0.434581910189219,-0.273984601501486,-0.451763195116082
2017-04-19,-0.488017539571653,-0.454432794270436,-0.478021115148046,-0.455138705919799,-0.339289809606792,-0.49046066251582
2017-04-18,-0.527649704142384,-0.500380848874153,-0.510785550391971,-0.491847269724406,-0.402263845673409,-0.527804069147675
2017-04-17,-0.52618184619532,-0.543544172895826,-0.513905972796154,-0.531492518633381,-0.485386766059436,-0.526975115950306
2017-04-16,-0.51884255646,-0.537974711731739,-0.510785550391971,-0.530024176081196,-0.486225595374915,-0.519737357300345
2017-04-15,-0.524713988248256,-0.539367077022761,-0.509225339189879,-0.522682463320275,-0.485889121364447,-0.525192554939422
2017-04-14,-0.52618184619532,-0.536582346440717,-0.520146817604521,-0.528555833529012,-0.459890320315191,-0.527241565192317
2017-04-13,-0.527649704142384,-0.542151807604804,-0.512345761594063,-0.531492518633381,-0.468933304733062,-0.528137520245865
2017-04-12,-0.539392567718897,-0.542151807604804,-0.524827451210796,-0.531492518633381,-0.476430157700262,-0.540191621627156
2017-04-11,-0.530585420036513,-0.550505999350935,-0.521707028806612,-0.543239259050855,-0.489775749541961,-0.531549940362854
2017-04-10,-0.524713988248256,-0.543544172895826,-0.523267240008704,-0.534429203737749,-0.469448027519205,-0.525261114978302
2017-04-09,-0.512971124671743,-0.533797615858674,-0.515466183998246,-0.528555833529012,-0.457941460490847,-0.515125136502953
2017-04-08,-0.514438982618807,-0.526835789403565,-0.507665127987788,-0.516809093111538,-0.452839089287177,-0.516784601080393
2017-04-07,-0.520310414407064,-0.53101288527663,-0.518586606402429,-0.515340750559354,-0.468233560503007,-0.521979582208266
2017-04-06,-0.508567550830551,-0.521266328239478,-0.534188718423346,-0.522682463320275,-0.413218881936065,-0.510746643110834
2017-04-05,-0.51884255646,-0.5226586935305,-0.504544705583604,-0.510935722902801,-0.465133248923468,-0.52111946535686
2017-04-04,-0.530585420036513,-0.535189981149696,-0.515466183998246,-0.524150805872459,-0.458556006517552,-0.531958184230731
2017-04-03,-0.523246130301192,-0.526835789403565,-0.526387662412887,-0.534429203737749,-0.424695511807715,-0.525067900323276
2017-04-02,-0.508567550830551,-0.519873962948457,-0.524827451210796,-0.528555833529012,-0.413306239540884,-0.510813644967013
2017-04-01,-0.498292545201102,-0.519873962948457,-0.488942593562688,-0.510935722902801,-0.45807956403015,-0.501925770835823
2017-03-31,-0.50122826109523,-0.496203753001087,-0.512345761594063,-0.500657325037511,-0.275910394991973,-0.504300441273399
2017-03-30,-0.570217584607244,-0.496203753001087,-0.562272520060995,-0.500657325037511,-0.329451772830463,-0.571188550114492
2017-03-29,-0.579024732289628,-0.581138035753412,-0.56695315366727,-0.574074452646724,-0.465657590861602,-0.579601178521627
2017-03-28,-0.598106885601462,-0.585315131626478,-0.584115476890278,-0.58288450795983,-0.450188129522086,-0.597870870700484
2017-03-27,-0.565814010766051,-0.582530401044434,-0.587235899294462,-0.60344130369041,-0.44924702310074,-0.567021969569821
2017-03-26,-0.577556874342564,-0.581138035753412,-0.562272520060995,-0.577011137751093,-0.472917891213508,-0.577631635586524
2017-03-25,-0.557006863083667,-0.574176209298304,-0.562272520060995,-0.581416165407646,-0.446093217257577,-0.55844105743089
2017-03-24,-0.5760890163955,-0.567214382843195,-0.563832731263087,-0.56232771222925,-0.401131141449136,-0.577122109843029
2017-03-23,-0.561410436924859,-0.578353305171369,-0.568513364869362,-0.579947822855461,-0.448679689442483,-0.562420656051342
2017-03-22,-0.555539005136603,-0.56303728697013,-0.56695315366727,-0.563796054781434,-0.333939401698205,-0.558226028218039
2017-03-21,-0.62599618659568,-0.574176209298304,-0.620000334538386,-0.559391027124882,-0.309540128208633,-0.625341631733598
2017-03-20,-0.628931902489808,-0.632655551521216,-0.616879912134203,-0.629871469629726,-0.460248977268007,-0.627203660062275
2017-03-19,-0.661224777325219,-0.634047916812238,-0.651204558580219,-0.634276497286279,-0.453478762894593,-0.658993703544838
2017-03-18,-0.631867618383937,-0.646579204431433,-0.660565825792769,-0.666580033434333,-0.429165178381433,-0.631524500694426
2017-03-17,-0.605446175336783,-0.60341588040976,-0.635602446559303,-0.635744839838463,-0.322521075666175,-0.60582227702788
2017-03-16,-0.646546197854578,-0.615947168028955,-0.637162657761395,-0.60344130369041,-0.329910154869228,-0.645007455613288
2017-03-15,-0.66856406706054,-0.661895222632672,-0.662126036994861,-0.65189660791249,-0.462152882279984,-0.666544656917865
2017-03-14,-0.670031925007604,-0.664679953214716,-0.663686248196953,-0.67245340364307,-0.426243802659854,-0.667345562826602
2017-03-13,-0.703792657790078,-0.679995971415955,-0.696450683440877,-0.673921746195254,-0.426836460208047,-0.699124699030252
2017-03-12,-0.708196231631271,-0.713412738400476,-0.704251739451335,-0.707693624895492,-0.48933395563265,-0.704723249477897
2017-03-11,-0.721406953154848,-0.718982199564563,-0.715173217865977,-0.713566995104229,-0.500641268798332,-0.716887981831018
2017-03-10,-0.717003379313655,-0.720374564855584,-0.726094696280618,-0.725313735521704,-0.477414844769404,-0.713048619653729
2017-03-09,-0.722874811101912,-0.727336391310693,-0.71829364027016,-0.722377050417335,-0.507874576631895,-0.718471095456068
2017-03-08,-0.711131947525399,-0.721766930146606,-0.716733429068069,-0.726782078073888,-0.500884888545702,-0.70653074141201
2017-03-07,-0.702324799843014,-0.712020373109454,-0.707372161855519,-0.715035337656414,-0.49833227970199,-0.698356514958254
2017-03-06,-0.706728373684207,-0.712020373109454,-0.69957110584506,-0.706225282343308,-0.50861849043742,-0.703336466873276
2017-03-05,-0.702324799843014,-0.712020373109454,-0.701131317047152,-0.710630309999861,-0.504616039817562,-0.698340933131236
2017-03-04,-0.70085694189595,-0.706450911945367,-0.69957110584506,-0.706225282343308,-0.496449576086239,-0.697546259953307
2017-03-03,-0.711131947525399,-0.712020373109454,-0.707372161855519,-0.704756939791124,-0.479298922549726,-0.708034387719268
2017-03-02,-0.706728373684207,-0.717589834273541,-0.70893237305761,-0.716503680208598,-0.48306668549192,-0.703500076056967
2017-03-01,-0.730214100837232,-0.714805103691498,-0.726094696280618,-0.710630309999861,-0.475353401604918,-0.726117097973907
2017-02-28,-0.730214100837232,-0.737082948347845,-0.726094696280618,-0.734123790834809,-0.505955457655034,-0.72626512533058
2017-02-27,-0.728746242890168,-0.737082948347845,-0.726094696280618,-0.735592133386993,-0.507521023718912,-0.724826922696799
2017-02-26,-0.734617674678425,-0.738475313638867,-0.730775329886893,-0.732655448282625,-0.505543208283982,-0.729665079985954
2017-02-25,-0.734617674678425,-0.742652409511932,-0.735455963493168,-0.738528818491362,-0.507004926768199,-0.730556360491396
2017-02-24,-0.731681958784297,-0.739867678929888,-0.730775329886893,-0.738528818491362,-0.499113197796298,-0.727210942230585
2017-02-23,-0.734617674678425,-0.74126004422091,-0.730775329886893,-0.737060475939178,-0.507821671295943,-0.729813107342627
2017-02-22,-0.730214100837232,-0.738475313638867,-0.729215118684802,-0.738528818491362,-0.510174339194694,-0.725618479509324
2017-02-21,-0.733149816731361,-0.738475313638867,-0.729215118684802,-0.734123790834809,-0.509980385681076,-0.728633563037349
2017-02-20,-0.733149816731361,-0.739867678929888,-0.72765490748271,-0.737060475939178,-0.514148707780015,-0.728477744767166
2017-02-19,-0.733149816731361,-0.739867678929888,-0.72765490748271,-0.737060475939178,-0.513825190178351,-0.728956106856626
2017-02-18,-0.731681958784297,-0.739867678929888,-0.729215118684802,-0.737060475939178,-0.50903790509516,-0.727344945942942
2017-02-17,-0.731681958784297,-0.738475313638867,-0.726094696280618,-0.735592133386993,-0.512463834785062,-0.727176662211145
2017-02-16,-0.727278384943104,-0.735690583056823,-0.726094696280618,-0.734123790834809,-0.509655984687902,-0.723390278245719
2017-02-15,-0.728746242890168,-0.734298217765802,-0.724534485078527,-0.731187105730441,-0.508701529239304,-0.725313075699767
2017-02-14,-0.736085532625489,-0.738475313638867,-0.732335541088985,-0.732655448282625,-0.504534669644086,-0.732712885350717
2017-02-13,-0.731681958784297,-0.74126004422091,-0.733895752291077,-0.74146550359573,-0.505809305437535,-0.728434115651515
2017-02-12,-0.730214100837232,-0.739867678929888,-0.729215118684802,-0.735592133386993,-0.50467512889408,-0.727330922298626
2017-02-11,-0.727278384943104,-0.73290585247478,-0.726094696280618,-0.734123790834809,-0.504153437130474,-0.724362584251656
2017-02-10,-0.72581052699604,-0.734298217765802,-0.729215118684802,-0.731187105730441,-0.50231932004774,-0.722014402920011
2017-02-09,-0.697921226001822,-0.706450911945367,-0.730775329886893,-0.729718763178256,-0.475994645686129,-0.697105294248691
2017-02-08,-0.694985510107694,-0.703666181363324,-0.696450683440877,-0.70328859723894,-0.508080014235136,-0.694069954345543
2017-02-07,-0.694985510107694,-0.699489085490259,-0.688649627430419,-0.700351912134571,-0.506570003681739,-0.694065279797438
2017-02-06,-0.708196231631271,-0.703666181363324,-0.701131317047152,-0.700351912134571,-0.498363591023268,-0.706413877709373
2017-02-05,-0.708196231631271,-0.718982199564563,-0.705811950653427,-0.712098652552045,-0.512923571357476,-0.706309479468351
2017-02-04,-0.712599805472463,-0.717589834273541,-0.705811950653427,-0.712098652552045,-0.511412481103344,-0.710231425328836
2017-02-03,-0.712599805472463,-0.720374564855584,-0.707372161855519,-0.716503680208598,-0.510457839160983,-0.710701996504786
2017-02-02,-0.714067663419527,-0.721766930146606,-0.710492584259702,-0.716503680208598,-0.515359749200248,-0.711471738759486
2017-02-01,-0.712599805472463,-0.720374564855584,-0.707372161855519,-0.716503680208598,-0.512885094749511,-0.710846907496056
2017-01-31,-0.714067663419527,-0.720374564855584,-0.710492584259702,-0.716503680208598,-0.50952975785667,-0.712453393861634
2017-01-30,-0.721406953154848,-0.72455166072865,-0.716733429068069,-0.717972022760782,-0.514593976362596,-0.719360817778809
2017-01-29,-0.721406953154848,-0.730121121892737,-0.716733429068069,-0.725313735521704,-0.517101267221876,-0.71861756463004
2017-01-28,-0.724342669048976,-0.730121121892737,-0.71829364027016,-0.725313735521704,-0.515090000695123,-0.721992588362185
2017-01-27,-0.717003379313655,-0.72455166072865,-0.71829364027016,-0.728250420626072,-0.506960855347341,-0.714955835280759
2017-01-26,-0.722874811101912,-0.723159295437628,-0.716733429068069,-0.720908707865151,-0.510820461560129,-0.720753833114237
2017-01-25,-0.712599805472463,-0.721766930146606,-0.716733429068069,-0.726782078073888,-0.506648821835299,-0.711236453171511
2017-01-24,-0.708196231631271,-0.717589834273541,-0.705811950653427,-0.716503680208598,-0.511081297626471,-0.706974823482029
2017-01-23,-0.708196231631271,-0.716197468982519,-0.704251739451335,-0.709161967447677,-0.512298297031662,-0.707598096562758
2017-01-22,-0.705260515737143,-0.707843277236389,-0.705811950653427,-0.713566995104229,-0.502748648321307,-0.704134256416608
2017-01-21,-0.715535521366591,-0.712020373109454,-0.70893237305761,-0.709161967447677,-0.489759848494792,-0.713858874658677
2017-01-20,-0.740489106466681,-0.717589834273541,-0.73701617469526,-0.719440365312967,-0.471359981209378,-0.737558833553382
2017-01-19,-0.736085532625489,-0.742652409511932,-0.73701617469526,-0.744402188700099,-0.513391140667939,-0.73314294377642
2017-01-18,-0.734617674678425,-0.742652409511932,-0.73701617469526,-0.739997161043546,-0.510468037425186,-0.732298408752033
2017-01-17,-0.739021248519617,-0.74126004422091,-0.733895752291077,-0.738528818491362,-0.505095623252553,-0.736694042153871
2017-01-16,-0.737553390572553,-0.745437140093975,-0.735455963493168,-0.742933846147915,-0.51650956177342,-0.735717061599829
2017-01-15,-0.736085532625489,-0.744044774802954,-0.73701617469526,-0.74146550359573,-0.512787214970269,-0.733303436594708
2017-01-14,-0.734617674678425,-0.74126004422091,-0.732335541088985,-0.739997161043546,-0.514494722418785,-0.732960636400307
2017-01-13,-0.734617674678425,-0.738475313638867,-0.735455963493168,-0.738528818491362,-0.505308029833258,-0.732306199665542
2017-01-12,-0.740489106466681,-0.738475313638867,-0.743257019503627,-0.737060475939178,-0.501421107191906,-0.73761648631335
2017-01-11,-0.702324799843014,-0.710628007818432,-0.738576385897352,-0.742933846147915,-0.488952526809815,-0.702261320809019
2017-01-10,-0.705260515737143,-0.710628007818432,-0.698010894642969,-0.706225282343308,-0.508731564550623,-0.705195378836549
2017-01-09,-0.699389083948886,-0.709235642527411,-0.701131317047152,-0.709161967447677,-0.502137930324477,-0.699698110264522
2017-01-08,-0.70085694189595,-0.703666181363324,-0.696450683440877,-0.70328859723894,-0.509475870974597,-0.701240711139326
2017-01-07,-0.690581936266501,-0.702273816072302,-0.719853851472252,-0.704756939791124,-0.485541850346641,-0.692119109602862
2017-01-06,-0.672967640901732,-0.682780701997998,-0.696450683440877,-0.694478541925834,-0.48673266210131,-0.676072944139504
2017-01-05,-0.652417629642834,-0.646579204431433,-0.693330261036694,-0.679795116403991,-0.448094589799425,-0.657256329832307
2017-01-04,-0.69351765216063,-0.663287587923694,-0.685529205026236,-0.657769978121227,-0.449724348979652,-0.69476022928245
2017-01-03,-0.70085694189595,-0.689742528453107,-0.698010894642969,-0.697415227030203,-0.466061202626785,-0.70218496985663
2017-01-02,-0.706728373684207,-0.709235642527411,-0.705811950653427,-0.704756939791124,-0.48971921248536,-0.707813125775609
2017-01-01,-0.705260515737143,-0.703666181363324,-0.707372161855519,-0.710630309999861,-0.485086020327792,-0.705796837359452
2016-12-31,-0.684710504478245,-0.69252725903515,-0.710492584259702,-0.709161967447677,-0.481765646107801,-0.68719836863051
2016-12-30,-0.702324799843014,-0.685565432580041,-0.696450683440877,-0.688605171717097,-0.425848632191316,-0.703433074200789
2016-12-29,-0.749296254149066,-0.709235642527411,-0.744817230705718,-0.706225282343308,-0.439991141329105,-0.746842486090835
2016-12-28,-0.758103401831451,-0.756576062422149,-0.75573870912036,-0.753212244013205,-0.505092384150352,-0.75505878347754
2016-12-27,-0.759571259778515,-0.763537888877258,-0.757298920322451,-0.76202229932631,-0.51190001506192,-0.75629878527165
2016-12-26,-0.755167685937323,-0.762145523586236,-0.757298920322451,-0.763490641878494,-0.513194095284037,-0.752494170568612
2016-12-25,-0.747828396202002,-0.755183697131128,-0.752618286716176,-0.759085614221942,-0.509180523746622,-0.746466496604886
2016-12-24,-0.758103401831451,-0.755183697131128,-0.75573870912036,-0.75174390146102,-0.503427681928198,-0.755968450538864
2016-12-23,-0.75076411209613,-0.757968427713171,-0.758859131524543,-0.76202229932631,-0.480803829063291,-0.748799875200863
2016-12-22,-0.744892680307874,-0.751006601258062,-0.749497864311993,-0.754680586565389,-0.496490015786447,-0.743560018411178
2016-12-21,-0.744892680307874,-0.749614235967041,-0.743257019503627,-0.748807216356652,-0.498706739547363,-0.743934917169236
2016-12-20,-0.736085532625489,-0.745437140093975,-0.741696808301535,-0.748807216356652,-0.497439857968274,-0.735960138101314
2016-12-19,-0.756635543884387,-0.744044774802954,-0.752618286716176,-0.739997161043546,-0.489301073837578,-0.754206613357914
2016-12-18,-0.763974833619707,-0.76493025416828,-0.760419342726635,-0.76202229932631,-0.513917907024993,-0.76149111748893
2016-12-17,-0.755167685937323,-0.763537888877258,-0.763246445424825,-0.767895669535047,-0.506287220244119,-0.753409447087662
2016-12-16,-0.753699827990258,-0.760753158295214,-0.75573870912036,-0.759085614221942,-0.505761798605252,-0.751639663174933
2016-12-15,-0.766511732509618,-0.757968427713171,-0.764539080405758,-0.757617271669757,-0.488963520126376,-0.763808290984809
2016-12-14,-0.767877574329361,-0.773292660869627,-0.768216342187968,-0.770121676844159,-0.509139298809516,-0.76511825518223
2016-12-13,-0.778668972384587,-0.773424239389628,-0.776104614004623,-0.771813794801296,-0.505332470331684,-0.775110880849011
2016-12-12,-0.775678065031649,-0.77908601437251,-0.777599452357347,-0.782755736665918,-0.508804787891291,-0.772401824403625
2016-12-11,-0.786227560097199,-0.77856345967879,-0.784147814793646,-0.779576921874694,-0.502938871959664,-0.782161969211294
2016-12-10,-0.79340435795778,-0.791117025142641,-0.792728664362909,-0.78992022048079,-0.514757335083606,-0.788811046436507
2016-12-09,-0.792178843357776,-0.795685097189425,-0.793427014896965,-0.797376610795037,-0.51444437891821,-0.787724993093338
2016-12-08,-0.791193470317912,-0.796823216578307,-0.792219567447667,-0.796137476515249,-0.514946832377833,-0.786860201693827
2016-12-07,-0.797414105511775,-0.796487517306641,-0.797367640330088,-0.795383923117468,-0.514409475138128,-0.792619089141489
2016-12-06,-0.788958656593507,-0.794621887053201,-0.802014729395518,-0.801330710453814,-0.50523029138043,-0.784888788939482
2016-12-05,-0.799399236599384,-0.793285773319937,-0.800199891725245,-0.793164817018352,-0.505809010973698,-0.794523344221385
2016-12-04,-0.798832496646023,-0.802833222120473,-0.800376819675563,-0.803289773086939,-0.51467233318948,-0.79404030758382
2016-12-03,-0.794471050327911,-0.800083718380292,-0.797944294390381,-0.802719028336904,-0.516235200001523,-0.790076602426927
2016-12-02,-0.799614571360219,-0.799262640568177,-0.803071304421575,-0.798489614449593,-0.508296935927999,-0.794836383126181
2016-12-01,-0.802509774375008,-0.802326958100657,-0.801472399981671,-0.80362998805628,-0.516070359145869,-0.797530636835901
2016-11-30,-0.802415391109012,-0.805856325640339,-0.801822979438781,-0.806341869915909,-0.516379909346224,-0.797481086625983
2016-11-29,-0.800731317686345,-0.803583846248863,-0.805421918618646,-0.8063796063195,-0.512309035146232,-0.795975414681213
2016-11-28,-0.798123961614975,-0.803193566257789,-0.799805314312236,-0.804705108472989,-0.517506518169081,-0.793624896075515
2016-11-27,-0.797476783046115,-0.800900758333064,-0.797350009943505,-0.801943302966586,-0.51747283150619,-0.793071117943287
2016-11-26,-0.788901556919366,-0.795247337541928,-0.796069076546588,-0.801377110078463,-0.515753682920673,-0.785259480604245
2016-11-25,-0.798922035980794,-0.7925641103896,-0.798843912169508,-0.792055190551666,-0.506835413753007,-0.794471456737414
2016-11-24,-0.792490176028348,-0.798567711051428,-0.803065531640127,-0.803184639760202,-0.509333841250808,-0.788628739060394
2016-11-23,-0.789236375317091,-0.794110053572222,-0.791846520949247,-0.796314852295553,-0.512841033144114,-0.78569109721265
2016-11-22,-0.787410506816738,-0.791513710014054,-0.787145136533984,-0.792803604750515,-0.515808698580786,-0.784062952107517
2016-11-21,-0.786190276505344,-0.792487251825536,-0.786218839143302,-0.791345540596196,-0.51745103136683,-0.782990299135583
2016-11-20,-0.785840045599174,-0.790165204229699,-0.784745063641806,-0.790136213670217,-0.51636719832395,-0.782714968252171
2016-11-19,-0.784611301711687,-0.791061609004059,-0.784050301593515,-0.789777057081952,-0.516429281116138,-0.781638419823482
2016-11-18,-0.781196183412048,-0.787293172343908,-0.782303021068292,-0.788158943589445,-0.514780244370083,-0.778566462626841
2016-11-17,-0.778736347064357,-0.785507046148586,-0.778957148145407,-0.785041652351158,-0.515427829239239,-0.77636724356149
2016-11-16,-0.776372802197995,-0.783109393117446,-0.776359396493924,-0.782642674289399,-0.510784399555623,-0.774258243274575
2016-11-15,-0.781366748505496,-0.782951916603032,-0.780113420667277,-0.780714446849871,-0.513536625434075,-0.778862828976728
2016-11-14,-0.780083547088173,-0.785894541409077,-0.779679837974216,-0.78572178862133,-0.517459786758234,-0.77774389797855
2016-11-13,-0.778574442332796,-0.784170653942263,-0.777246376562313,-0.783693273385487,-0.515465873966911,-0.776417884499299
2016-11-12,-0.777588628935548,-0.7812944449606,-0.777158380650515,-0.782587317775182,-0.512986400124716,-0.775568830745077
2016-11-11,-0.776722005603601,-0.78130683701169,-0.778015248642704,-0.781462273711699,-0.515343131624411,-0.774826045051119
2016-11-10,-0.778128066731094,-0.779409321593085,-0.777874517592275,-0.78092515400611,-0.513985780939298,-0.776151591075558
2016-11-09,-0.774096301307893,-0.781492996251099,-0.776257046639067,-0.782063119484052,-0.510542634930424,-0.772528816293823
2016-11-08,-0.775615974640489,-0.780449975411595,-0.77390190782951,-0.777618446578591,-0.514503880244099,-0.773957825649664
2016-11-07,-0.767392594063651,-0.77328444591441,-0.773249739547035,-0.779970584512935,-0.510015132413778,-0.766532150165863
2016-11-06,-0.759571259778515,-0.767714984750323,-0.766477018739876,-0.771910852243995,-0.50954202718319,-0.759356718823975
2016-11-05,-0.769688617464449,-0.76493025416828,-0.76851683886549,-0.763490641878494,-0.500990699217605,-0.768716566495546
2016-11-04,-0.780997435446015,-0.77328444591441,-0.778964793180297,-0.773474490227816,-0.499674445868602,-0.779029866162363
2016-11-03,-0.781907947730579,-0.784204349182306,-0.780327169601964,-0.784993637549702,-0.506977345322183,-0.779898864655169
2016-11-02,-0.782301040088803,-0.787078191142975,-0.781297308927424,-0.786212361868015,-0.513476682412432,-0.780298694336456
2016-11-01,-0.779933532005983,-0.786536282571709,-0.782188345544939,-0.786299287747104,-0.507171887763475,-0.778193122051485
2016-10-31,-0.775651643588602,-0.782968346513466,-0.777957832870467,-0.783575218644292,-0.511510714239189,-0.774356252966519
2016-10-30,-0.781561386469277,-0.779608151356643,-0.779851149164205,-0.780013460115458,-0.507260226914415,-0.779756914211033
2016-10-29,-0.774126539181603,-0.777100362230984,-0.781858360875696,-0.785572751852283,-0.494939172914393,-0.773064207870169
2016-10-28,-0.766092512279937,-0.77328444591441,-0.770927833236083,-0.777785397126774,-0.507381447860427,-0.765835486679878
2016-10-27,-0.761039117725579,-0.767714984750323,-0.763878330961672,-0.769987617169144,-0.497130572785373,-0.761100636903853
2016-10-26,-0.762506975672643,-0.767714984750323,-0.760419342726635,-0.764958984430679,-0.512295273869608,-0.76288569100706
2016-10-25,-0.761039117725579,-0.767714984750323,-0.760419342726635,-0.766427326982863,-0.506051158401886,-0.761497038583197
2016-10-24,-0.758103401831451,-0.766322619459301,-0.757298920322451,-0.764958984430679,-0.514105716059891,-0.759290963513958
2016-10-23,-0.758103401831451,-0.766322619459301,-0.757298920322451,-0.76202229932631,-0.514744074395504,-0.759388973205902
2016-10-22,-0.761039117725579,-0.766322619459301,-0.757298920322451,-0.76202229932631,-0.509855729323638,-0.761540200244037
2016-10-21,-0.759571259778515,-0.76493025416828,-0.757298920322451,-0.764958984430679,-0.512402115164939,-0.759997599369234
2016-10-20,-0.758103401831451,-0.76493025416828,-0.75573870912036,-0.763490641878494,-0.513103488761556,-0.75842913266158
2016-10-19,-0.756635543884387,-0.762145523586236,-0.757298920322451,-0.76202229932631,-0.509982741391767,-0.758088669741232
2016-10-18,-0.755167685937323,-0.762145523586236,-0.758859131524543,-0.760553956774126,-0.503233433950742,-0.755882438853723
2016-10-17,-0.736085532625489,-0.745437140093975,-0.751058075514085,-0.759085614221942,-0.489041160424591,-0.739251019967561
2016-10-16,-0.766507916078956,-0.744044774802954,-0.763423997459623,-0.739997161043546,-0.487007200551508,-0.766801559955008
2016-10-15,-0.766765378362871,-0.773454453716444,-0.763527127420081,-0.770454550100739,-0.514489824503638,-0.767083591024037
2016-10-14,-0.763974833619707,-0.771892080623388,-0.763997687118632,-0.770675535654842,-0.511016348719608,-0.764421280059705
2016-10-13,-0.759571259778515,-0.766322619459301,-0.764215180560204,-0.767895669535047,-0.506093561194337,-0.761280918642454
2016-10-12,-0.75076411209613,-0.759360793004193,-0.760419342726635,-0.763490641878494,-0.493112319272958,-0.753138011661005
2016-10-11,-0.74342482236081,-0.749614235967041,-0.747937653109902,-0.754680586565389,-0.497990112724017,-0.746026309991621
2016-10-10,-0.740489106466681,-0.749614235967041,-0.738576385897352,-0.747338873804468,-0.508858380309528,-0.743771931258626
2016-10-09,-0.739021248519617,-0.746829505384997,-0.735455963493168,-0.744402188700099,-0.516226483871964,-0.741973165147643
2016-10-08,-0.740489106466681,-0.745437140093975,-0.73701617469526,-0.742933846147915,-0.510426390423248,-0.743738430330536
2016-10-07,-0.740489106466681,-0.748221870676019,-0.738576385897352,-0.744402188700099,-0.510189455004966,-0.743363375754208
2016-10-06,-0.737553390572553,-0.746829505384997,-0.73701617469526,-0.744402188700099,-0.510148328222473,-0.741477663048464
2016-10-05,-0.741956964413745,-0.74126004422091,-0.73701617469526,-0.74146550359573,-0.500574425507454,-0.745118045294729
2016-10-04,-0.737553390572553,-0.745437140093975,-0.73701617469526,-0.745870531252283,-0.508917960159106,-0.740809202669382
2016-10-03,-0.737553390572553,-0.742652409511932,-0.735455963493168,-0.74146550359573,-0.504687594529824,-0.740958788208757
2016-10-02,-0.737553390572553,-0.742652409511932,-0.732335541088985,-0.74146550359573,-0.510481376636978,-0.741201864710241
2016-10-01,-0.727278384943104,-0.737082948347845,-0.735455963493168,-0.74146550359573,-0.49614451155166,-0.732773654476088
2016-09-30,-0.72581052699604,-0.735690583056823,-0.724534485078527,-0.731187105730441,-0.512813206311568,-0.731284031813147
2016-09-29,-0.728746242890168,-0.73290585247478,-0.72765490748271,-0.729718763178256,-0.507539673095221,-0.734361442649245
2016-09-28,-0.736085532625489,-0.735690583056823,-0.730775329886893,-0.732655448282625,-0.499845431202977,-0.74016567321353
2016-09-27,-0.736085532625489,-0.744044774802954,-0.735455963493168,-0.739997161043546,-0.501103577021584,-0.740645593485691
2016-09-26,-0.734617674678425,-0.742652409511932,-0.730775329886893,-0.739997161043546,-0.508068039372453,-0.739070270774149
2016-09-25,-0.728746242890168,-0.738475313638867,-0.729215118684802,-0.738528818491362,-0.510589857114332,-0.733783356866869
2016-09-24,-0.730214100837232,-0.738475313638867,-0.72765490748271,-0.732655448282625,-0.511530188114241,-0.735070415778573
2016-09-23,-0.728746242890168,-0.73290585247478,-0.72765490748271,-0.734123790834809,-0.503402554347486,-0.733892429655996
2016-09-22,-0.733149816731361,-0.727336391310693,-0.741696808301535,-0.732655448282625,-0.452979744846395,-0.738127570239547
2016-09-21,-0.730214100837232,-0.737082948347845,-0.72765490748271,-0.737060475939178,-0.494068247040738,-0.735941439908892
2016-09-20,-0.72581052699604,-0.734298217765802,-0.724534485078527,-0.732655448282625,-0.496020247812671,-0.731100166254332
2016-09-19,-0.71847123726072,-0.727336391310693,-0.71829364027016,-0.728250420626072,-0.506821377643468,-0.724727199003882
2016-09-18,-0.71847123726072,-0.72455166072865,-0.712052795461794,-0.722377050417335,-0.500868202261635,-0.724890808187573
2016-09-17,-0.71847123726072,-0.727336391310693,-0.715173217865977,-0.722377050417335,-0.510020138298998,-0.724965600957261
2016-09-16,-0.724342669048976,-0.725944026019671,-0.719853851472252,-0.722377050417335,-0.501736772424598,-0.730825926098811
2016-09-15,-0.722874811101912,-0.730121121892737,-0.719853851472252,-0.728250420626072,-0.50672125993907,-0.729231905194848
2016-09-14,-0.722874811101912,-0.730121121892737,-0.722974273876435,-0.726782078073888,-0.504494131789265,-0.73002034564197
2016-09-13,-0.71847123726072,-0.727336391310693,-0.716733429068069,-0.726782078073888,-0.504153829748923,-0.725185304718218
2016-09-12,-0.715535521366591,-0.72455166072865,-0.713613006663885,-0.722377050417335,-0.503094643329155,-0.723561678342919
2016-09-11,-0.703792657790078,-0.713412738400476,-0.710492584259702,-0.719440365312967,-0.479371655117333,-0.713118737875311
2016-09-10,-0.706728373684207,-0.710628007818432,-0.701131317047152,-0.707693624895492,-0.505554397909767,-0.715747392093284
2016-09-09,-0.703792657790078,-0.713412738400476,-0.704251739451335,-0.710630309999861,-0.497198986550045,-0.712495464794583
2016-09-08,-0.694985510107694,-0.702273816072302,-0.693330261036694,-0.704756939791124,-0.495053130419105,-0.705263938875429
2016-09-07,-0.696453368054758,-0.706450911945367,-0.693330261036694,-0.698883569582387,-0.491970682978979,-0.706987288943644
2016-09-06,-0.697921226001822,-0.702273816072302,-0.693330261036694,-0.700351912134571,-0.494938682141332,-0.708254091480225
2016-09-05,-0.697921226001822,-0.699489085490259,-0.694890472238786,-0.70328859723894,-0.474766240715005,-0.707409556455837
2016-09-04,-0.715535521366591,-0.709235642527411,-0.712052795461794,-0.701820254686755,-0.483904533261278,-0.723105130811286
2016-09-03,-0.706728373684207,-0.717589834273541,-0.712052795461794,-0.719440365312967,-0.47439531443567,-0.716080843191474
2016-09-02,-0.697921226001822,-0.706450911945367,-0.704251739451335,-0.712098652552045,-0.458039320639166,-0.708263440576436
2016-09-01,-0.737553390572553,-0.705058546654346,-0.735455963493168,-0.704756939791124,-0.38760445434801,-0.74350174237813
2016-08-31,-0.730214100837232,-0.734298217765802,-0.735455963493168,-0.742933846147915,-0.460266546943583,-0.737353153436742
2016-08-30,-0.727278384943104,-0.730121121892737,-0.738576385897352,-0.734123790834809,-0.451570146461233,-0.734289766244961
2016-08-29,-0.71847123726072,-0.725944026019671,-0.726094696280618,-0.731187105730441,-0.458393560634435,-0.726768418343268
2016-08-28,-0.714067663419527,-0.723159295437628,-0.716733429068069,-0.722377050417335,-0.472648456803141,-0.723195505407991
2016-08-27,-0.70085694189595,-0.709235642527411,-0.707372161855519,-0.717972022760782,-0.485827087649565,-0.711194382238562
2016-08-26,-0.711131947525399,-0.707843277236389,-0.713613006663885,-0.704756939791124,-0.458771946664294,-0.720203794620494
2016-08-25,-0.70085694189595,-0.710628007818432,-0.721414062674344,-0.715035337656414,-0.426875525743685,-0.711066611257012
2016-08-24,-0.67590335679586,-0.68417306728902,-0.693330261036694,-0.704756939791124,-0.459359892791104,-0.689780277367428
2016-08-23,-0.667096209113476,-0.678603606124933,-0.674607726611594,-0.681263458956176,-0.458363329013891,-0.680999917842664
2016-08-22,-0.658289061431091,-0.670249414378802,-0.665246459399044,-0.670985061090886,-0.473436540184137,-0.674410363196661
2016-08-21,-0.655353345536963,-0.666072318505737,-0.652764769782311,-0.663643348329965,-0.501807541899962,-0.672051274586103
2016-08-20,-0.65094977169577,-0.664679953214716,-0.655885192186494,-0.660706663225596,-0.48759200573073,-0.667615128434017
2016-08-19,-0.665628351166411,-0.660502857341651,-0.666806670601136,-0.653364950464675,-0.459407694087224,-0.680128893712346
2016-08-18,-0.656821203484027,-0.664679953214716,-0.660565825792769,-0.668048375986517,-0.476259172365887,-0.672694804041955
2016-08-17,-0.639206908119257,-0.65214866559552,-0.649644347378128,-0.660706663225596,-0.470189978232487,-0.657485382689475
2016-08-16,-0.637739050172193,-0.647971569722455,-0.637162657761395,-0.643086552599385,-0.480258972811217,-0.656974298763278
2016-08-15,-0.628931902489808,-0.634047916812238,-0.63248202415512,-0.643086552599385,-0.44865407108871,-0.649008868791566
2016-08-14,-0.637739050172193,-0.636832647394281,-0.626241179346753,-0.632808154734095,-0.451566907359032,-0.656724989530986
2016-08-13,-0.639206908119257,-0.64379447384939,-0.634042235357211,-0.6416182100472,-0.482611346246132,-0.658326801348459
2016-08-12,-0.642142624013386,-0.621516629193042,-0.637162657761395,-0.644554895151569,-0.368788215197833,-0.660073524157201
2016-08-11,-0.659756919378155,-0.639617377976325,-0.669927093005319,-0.644554895151569,-0.350686541624147,-0.67647962982468
2016-08-10,-0.627464044542744,-0.628478455648151,-0.662126036994861,-0.665111690882149,-0.323014793365316,-0.647318240560089
2016-08-09,-0.59370331176027,-0.60341588040976,-0.638722868963486,-0.629871469629726,-0.288365233728363,-0.617720560138989
2016-08-08,-0.595171169707334,-0.581138035753412,-0.598157377709103,-0.594631248377304,-0.365231092053324,-0.6201248360479
2016-08-07,-0.515906840565871,-0.53101288527663,-0.596597166507012,-0.600504618586041,-0.214340951425299,-0.5511783678577
2016-08-06,-0.532053277983577,-0.51430450178437,-0.517026395200338,-0.519745778215907,-0.29560511792094,-0.566197690920558
2016-08-05,-0.567281868713115,-0.550505999350935,-0.562272520060995,-0.535897546289933,-0.321324570944002,-0.596787933722718
2016-08-04,-0.532053277983577,-0.528228154694587,-0.590356321698645,-0.57260611009454,-0.0929963306021498,-0.565681932446255
2016-08-03,-0.504163976989359,-0.466964081889631,-0.549790830444262,-0.534429203737749,0.208024233955818,-0.541784084348418
2016-08-02,-0.565814010766051,-0.421016027285915,-0.55759188645472,-0.510935722902801,0.931134169434748,-0.595376220194868
2016-08-01,-0.649481913748706,-0.586707496917499,-0.640283080165578,-0.57260611009454,-0.0693636446335108,-0.668252425159062
2016-07-31,-0.681774788584117,-0.646579204431433,-0.674607726611594,-0.65189660791249,-0.233838383583834,-0.696740679496465
2016-07-30,-0.66856406706054,-0.674426510251868,-0.676167937813686,-0.685668486612728,-0.421371604021687,-0.685914426084209
2016-07-29,-0.661224777325219,-0.661895222632672,-0.676167937813686,-0.675390088747439,-0.316504197941053,-0.678631480135895
2016-07-28,-0.683242646531181,-0.645186839140412,-0.704251739451335,-0.66217500577778,-0.124653156114487,-0.697885943782304
2016-07-27,-0.55113543129541,-0.569999113425239,-0.721414062674344,-0.681263458956176,0.0947655900820254,-0.582915433128401
2016-07-26,-0.823461685139812,-0.515696867075392,-0.824332146451357,-0.54177091649867,0.491509477052237,-0.820611062288362
2016-07-25,-0.77542515310737,-0.782632508005272,-0.847409542383735,-0.827745018293568,-0.428764609409227,-0.778645618308094
2016-07-24,-0.801794927554788,-0.778943853876297,-0.802959749320625,-0.77981655537921,-0.345716973610723,-0.440516232374334
